filename,label,eelgrass
0,999,False
1,999,False
2,999,False
3,999,False
4,999,False
5,999,False
6,999,False
7,999,False
8,999,False
9,999,False
10,999,False
11,999,False
12,999,False
13,999,False
14,999,False
15,10,True
16,0,False
17,100,True
18,0,False
19,1,True
20,0,False
21,0,False
22,0,False
23,10,True
24,1,True
25,20,True
26,0,False
27,100,True
28,0,False
29,40,True
30,10,True
31,40,True
32,10,True
33,100,True
34,50,True
35,0,False
36,80,True
37,0,False
38,90,True
39,10,True
40,80,True
41,999,False
42,999,False
43,999,False
44,0,False
45,999,False
46,999,False
47,999,False
48,999,False
49,999,False
50,999,False
51,999,False
52,999,False
53,999,False
54,999,False
55,999,False
56,999,False
57,999,False
58,999,False
59,999,False
60,999,False
61,999,False
62,999,False
63,999,False
64,999,False
65,999,False
66,999,False
67,999,False
68,999,False
69,999,False
70,999,False
71,999,False
72,999,False
73,999,False
74,999,False
75,999,False
76,999,False
77,999,False
78,999,False
79,999,False
80,999,False
81,999,False
82,999,False
83,999,False
84,999,False
85,999,False
86,50,True
87,0,False
88,100,True
89,0,False
90,999,False
91,999,False
92,0,False
93,100,True
94,999,False
95,100,True
96,999,False
97,999,False
98,50,True
99,80,True
100,999,False
101,999,False
102,999,False
103,999,False
104,999,False
105,999,False
106,999,False
107,999,False
108,999,False
109,999,False
110,999,False
111,999,False
112,999,False
113,999,False
114,999,False
115,999,False
116,999,False
117,999,False
118,999,False
119,999,False
120,999,False
121,999,False
122,999,False
123,999,False
124,30,True
125,50,True
126,80,True
127,100,True
128,10,True
129,0,False
130,50,True
131,50,True
132,10,True
133,0,False
134,50,True
135,999,False
136,999,False
137,999,False
138,999,False
139,999,False
140,50,True
141,999,False
142,999,False
143,999,False
144,999,False
145,999,False
146,999,False
147,999,False
148,999,False
149,999,False
150,999,False
151,999,False
152,999,False
153,999,False
154,999,False
155,999,False
156,999,False
157,999,False
158,999,False
159,999,False
160,999,False
161,999,False
162,999,False
163,999,False
164,999,False
165,999,False
166,999,False
167,999,False
168,50,True
169,999,False
170,999,False
171,999,False
172,999,False
173,0,False
174,50,True
175,999,False
176,999,False
177,999,False
178,999,False
179,999,False
180,999,False
181,999,False
182,999,False
183,999,False
184,999,False
185,999,False
186,999,False
187,999,False
188,0,False
189,75,True
190,0,False
191,30,True
192,0,False
193,999,False
194,999,False
195,999,False
196,999,False
197,999,False
198,999,False
199,75,True
200,999,False
201,75,True
202,0,False
203,75,True
204,999,False
205,999,False
206,999,False
207,75,True
208,999,False
209,999,False
210,999,False
211,20,True
212,0,False
213,50,True
214,0,False
215,10,True
216,0,False
217,1,True
218,0,False
219,100,True
220,20,True
221,1,True
222,0,False
223,100,True
224,0,False
225,1,True
226,50,True
227,5,True
228,100,True
229,90,True
230,80,True
231,1,True
232,75,True
233,30,True
234,999,False
235,999,False
236,999,False
237,999,False
238,999,False
239,999,False
240,999,False
241,999,False
242,999,False
243,999,False
244,999,False
245,999,False
246,999,False
247,999,False
248,999,False
249,999,False
250,999,False
251,999,False
252,999,False
253,999,False
254,999,False
255,999,False
256,999,False
257,999,False
258,999,False
259,999,False
260,999,False
261,999,False
262,999,False
263,999,False
264,999,False
265,999,False
266,999,False
267,999,False
268,999,False
269,999,False
270,999,False
271,999,False
272,999,False
273,999,False
274,999,False
275,999,False
276,999,False
277,999,False
278,999,False
279,999,False
280,999,False
281,999,False
282,999,False
283,90,True
284,50,True
285,0,False
286,50,True
287,10,True
288,80,True
289,5,True
290,50,True
291,80,True
292,20,True
293,80,True
294,5,True
295,100,True
296,50,True
297,0,False
298,30,True
299,1,True
300,10,True
301,0,False
302,10,True
303,0,False
304,100,True
305,90,True
306,10,True
307,0,False
308,50,True
309,0,False
310,0,False
311,100,True
312,10,True
313,1,True
314,1,True
315,0,False
316,10,True
317,10,True
318,0,False
319,100,True
320,50,True
321,0,False
322,1,True
323,0,False
324,100,True
325,5,True
326,0,False
327,10,True
328,0,False
329,0,False
330,5,True
331,0,False
332,5,True
333,0,False
334,50,True
335,0,False
336,20,True
337,50,True
338,0,False
339,60,True
340,10,True
341,0,False
342,5,True
343,0,False
344,25,True
345,0,False
346,5,True
347,0,False
348,5,True
349,0,False
350,50,True
351,50,True
352,50,True
353,0,False
354,80,True
355,0,False
356,50,True
357,100,True
358,10,True
359,50,True
360,100,True
361,5,True
362,20,True
363,0,False
364,0,False
365,2,True
366,0,False
367,5,True
368,100,True
369,5,True
370,50,True
371,0,False
372,0,False
373,75,True
374,0,False
375,0,False
376,50,True
377,100,True
378,0,False
379,50,True
380,0,False
381,0,False
382,10,True
383,0,False
384,25,True
385,50,True
386,999,False
387,999,False
388,999,False
389,999,False
390,999,False
391,999,False
392,999,False
393,999,False
394,999,False
395,999,False
396,999,False
397,0,False
398,999,False
399,999,False
400,999,False
401,999,False
402,999,False
403,999,False
404,999,False
405,999,False
406,999,False
407,999,False
408,999,False
409,999,False
410,999,False
411,999,False
412,999,False
413,999,False
414,999,False
415,999,False
416,999,False
417,999,False
418,999,False
419,999,False
420,999,False
421,999,False
422,999,False
423,0,False
424,999,False
425,999,False
426,999,False
427,999,False
428,999,False
429,999,False
430,999,False
431,0,False
432,0,False
433,50,True
434,20,True
435,50,True
436,0,False
437,50,True
438,0,False
439,0,False
440,50,True
441,5,True
442,0,False
443,5,True
444,50,True
445,0,False
446,50,True
447,0,False
448,50,True
449,10,True
450,50,True
451,10,True
452,0,False
453,10,True
454,10,True
455,10,True
456,0,False
457,1,True
458,0,False
459,50,True
460,0,False
461,10,True
462,5,True
463,0,False
464,10,True
465,10,True
466,0,False
467,30,True
468,1,True
469,20,True
470,0,False
471,1,True
472,5,True
473,5,True
474,0,False
475,10,True
476,0,False
477,10,True
478,999,False
479,0,False
480,2,True
481,0,False
482,30,True
483,0,False
484,0,False
485,40,True
486,0,False
487,10,True
488,50,True
489,0,False
490,75,True
491,0,False
492,20,True
493,0,False
494,25,True
495,0,False
496,5,True
497,0,False
498,1,True
499,5,True
500,20,True
501,0,False
502,1,True
503,10,True
504,5,True
505,50,True
506,0,False
507,25,True
508,999,False
509,999,False
510,999,False
511,999,False
512,999,False
513,999,False
514,999,False
515,999,False
516,999,False
517,999,False
518,999,False
519,999,False
520,999,False
521,999,False
522,999,False
523,999,False
524,999,False
525,999,False
526,999,False
527,999,False
528,999,False
529,999,False
530,999,False
531,999,False
532,999,False
533,999,False
534,999,False
535,999,False
536,999,False
537,999,False
538,999,False
539,999,False
540,999,False
541,999,False
542,999,False
543,25,True
544,999,False
545,999,False
546,999,False
547,999,False
548,999,False
549,999,False
550,999,False
551,999,False
552,999,False
553,999,False
554,999,False
555,999,False
556,999,False
557,999,False
558,1,True
559,5,True
560,20,True
561,40,True
562,999,False
563,999,False
564,999,False
565,999,False
566,999,False
567,999,False
568,999,False
569,999,False
570,999,False
571,999,False
572,999,False
573,0,False
574,999,False
575,75,True
576,0,False
577,999,False
578,999,False
579,999,False
580,999,False
581,999,False
582,999,False
583,999,False
584,999,False
585,999,False
586,999,False
587,999,False
588,999,False
589,999,False
590,999,False
591,999,False
592,999,False
593,999,False
594,999,False
595,999,False
596,999,False
597,999,False
598,999,False
599,999,False
600,999,False
601,999,False
602,999,False
603,999,False
604,999,False
605,999,False
606,999,False
607,999,False
608,999,False
609,999,False
610,999,False
611,999,False
612,999,False
613,0,False
614,50,True
615,0,False
616,5,True
617,0,False
618,30,True
619,0,False
620,20,True
621,0,False
622,10,True
623,0,False
624,50,True
625,0,False
626,30,True
627,0,False
628,50,True
629,999,False
630,999,False
631,999,False
632,999,False
633,999,False
634,999,False
635,999,False
636,999,False
637,999,False
638,999,False
639,999,False
640,999,False
641,999,False
642,999,False
643,999,False
644,999,False
645,999,False
646,999,False
647,999,False
648,999,False
649,999,False
650,999,False
651,999,False
652,999,False
653,999,False
654,999,False
655,999,False
656,999,False
657,999,False
658,999,False
659,999,False
660,999,False
661,999,False
662,999,False
663,999,False
664,999,False
665,999,False
666,999,False
667,999,False
668,999,False
669,999,False
670,999,False
671,999,False
672,999,False
673,999,False
674,999,False
675,999,False
676,999,False
677,999,False
678,999,False
679,999,False
680,999,False
681,999,False
682,999,False
683,999,False
684,999,False
685,999,False
686,999,False
687,999,False
688,999,False
689,0,False
690,999,False
691,0,False
692,999,False
693,0,False
694,0,False
695,30,True
696,5,True
697,0,False
698,10,True
699,0,False
700,50,True
701,0,False
702,0,False
703,999,False
704,999,False
705,999,False
706,999,False
707,999,False
708,999,False
709,999,False
710,999,False
711,999,False
712,999,False
713,999,False
714,999,False
715,999,False
716,999,False
717,999,False
718,999,False
719,999,False
720,999,False
721,999,False
722,999,False
723,999,False
724,999,False
725,999,False
726,999,False
727,999,False
728,999,False
729,999,False
730,999,False
731,999,False
732,999,False
733,999,False
734,999,False
735,999,False
736,0,False
737,5,True
738,20,True
739,10,True
740,999,False
741,999,False
742,0,False
743,999,False
744,999,False
745,999,False
746,999,False
747,999,False
748,999,False
749,999,False
750,999,False
751,999,False
752,999,False
753,999,False
754,999,False
755,999,False
756,999,False
757,999,False
758,999,False
759,999,False
760,999,False
761,999,False
762,999,False
763,999,False
764,999,False
765,999,False
766,999,False
767,999,False
768,999,False
769,999,False
770,999,False
771,10,True
772,0,False
773,0,False
774,0,False
775,999,False
776,5,True
777,0,False
778,100,True
779,50,True
780,0,False
781,40,True
782,0,False
783,0,False
784,50,True
785,10,True
786,0,False
787,0,False
788,0,False
789,0,False
790,0,False
791,0,False
792,1,True
793,0,False
794,1,True
795,0,False
796,0,False
797,0,False
798,999,False
799,999,False
800,999,False
801,999,False
802,0,False
803,1,True
804,1,True
805,0,False
806,1,True
807,0,False
808,0,False
809,0,False
810,0,False
811,30,True
812,0,False
813,5,True
814,1,True
815,5,True
816,0,False
817,5,True
818,0,False
819,0,False
820,100,True
821,0,False
822,100,True
823,30,True
824,75,True
825,50,True
826,0,False
827,5,True
828,100,True
829,80,True
830,100,True
831,5,True
832,10,True
833,0,False
834,0,False
835,5,True
836,100,True
837,0,False
838,0,False
839,5,True
840,0,False
841,20,True
842,0,False
843,100,True
844,50,True
845,100,True
846,95,True
847,90,True
848,10,True
849,40,True
850,5,True
851,30,True
852,5,True
853,10,True
854,5,True
855,5,True
856,20,True
857,50,True
858,50,True
859,10,True
860,50,True
861,20,True
862,20,True
863,40,True
864,25,True
865,5,True
866,50,True
867,2,True
868,75,True
869,5,True
870,25,True
871,100,True
872,30,True
873,5,True
874,25,True
875,5,True
876,10,True
877,20,True
878,100,True
879,10,True
880,75,True
881,50,True
882,10,True
883,5,True
884,90,True
885,30,True
886,75,True
887,50,True
888,100,True
889,50,True
890,30,True
891,10,True
892,15,True
893,30,True
894,5,True
895,10,True
896,35,True
897,100,True
898,75,True
899,25,True
900,100,True
901,90,True
902,20,True
903,75,True
904,50,True
905,30,True
906,50,True
907,40,True
908,95,True
909,75,True
910,75,True
911,100,True
912,50,True
913,75,True
914,15,True
915,50,True
916,75,True
917,100,True
918,75,True
919,30,True
920,90,True
921,30,True
922,75,True
923,100,True
924,90,True
925,40,True
926,50,True
927,100,True
928,50,True
929,15,True
930,100,True
931,90,True
932,50,True
933,20,True
934,50,True
935,75,True
936,25,True
937,50,True
938,100,True
939,0,False
940,5,True
941,100,True
942,100,True
943,0,False
944,50,True
945,100,True
946,20,True
947,5,True
948,15,True
949,40,True
950,10,True
951,100,True
952,5,True
953,75,True
954,5,True
955,5,True
956,0,False
957,5,True
958,50,True
959,5,True
960,20,True
961,0,False
962,5,True
963,999,False
964,999,False
965,999,False
966,999,False
967,999,False
968,999,False
969,999,False
970,999,False
971,999,False
972,999,False
973,999,False
974,999,False
975,999,False
976,999,False
977,999,False
978,999,False
979,999,False
980,999,False
981,999,False
982,999,False
983,999,False
984,999,False
985,999,False
986,999,False
987,999,False
988,999,False
989,999,False
990,999,False
991,999,False
992,999,False
993,999,False
994,999,False
995,999,False
996,999,False
997,999,False
998,999,False
999,999,False
1000,999,False
1001,999,False
1002,999,False
1003,0,False
1004,50,True
1005,5,True
1006,20,True
1007,50,True
1008,25,True
1009,50,True
1010,0,False
1011,5,True
1012,0,False
1013,5,True
1014,0,False
1015,5,True
1016,0,False
1017,999,False
1018,999,False
1019,999,False
1020,999,False
1021,999,False
1022,999,False
1023,999,False
1024,999,False
1025,999,False
1026,999,False
1027,999,False
1028,999,False
1029,999,False
1030,999,False
1031,999,False
1032,999,False
1033,999,False
1034,999,False
1035,999,False
1036,999,False
1037,999,False
1038,999,False
1039,999,False
1040,999,False
1041,999,False
1042,999,False
1043,0,False
1044,0,False
1045,30,True
1046,20,True
1047,0,False
1048,50,True
1049,0,False
1050,50,True
1051,0,False
1052,20,True
1053,0,False
1054,0,False
1055,30,True
1056,999,False
1057,999,False
1058,999,False
1059,999,False
1060,999,False
1061,999,False
1062,999,False
1063,999,False
1064,999,False
1065,999,False
1066,999,False
1067,999,False
1068,999,False
1069,999,False
1070,999,False
1071,999,False
1072,999,False
1073,999,False
1074,999,False
1075,999,False
1076,999,False
1077,999,False
1078,999,False
1079,999,False
1080,999,False
1081,999,False
1082,999,False
1083,999,False
1084,999,False
1085,999,False
1086,999,False
1087,999,False
1088,999,False
1089,999,False
1090,999,False
1091,999,False
1092,999,False
1093,999,False
1094,999,False
1095,999,False
1096,20,True
1097,15,True
1098,5,True
1099,0,False
1100,30,True
1101,60,True
1102,10,True
1103,80,True
1104,20,True
1105,90,True
1106,50,True
1107,90,True
1108,40,True
1109,30,True
1110,100,True
1111,75,True
1112,100,True
1113,80,True
1114,20,True
1115,100,True
1116,25,True
1117,50,True
1118,10,True
1119,100,True
1120,100,True
1121,80,True
1122,0,False
1123,50,True
1124,10,True
1125,60,True
1126,100,True
1127,5,True
1128,60,True
1129,0,False
1130,30,True
1131,40,True
1132,20,True
1133,75,True
1134,5,True
1135,75,True
1136,30,True
1137,40,True
1138,30,True
1139,0,False
1140,30,True
1141,100,True
1142,20,True
1143,100,True
1144,80,True
1145,80,True
1146,60,True
1147,10,True
1148,80,True
1149,10,True
1150,30,True
1151,100,True
1152,10,True
1153,80,True
1154,0,False
1155,80,True
1156,25,True
1157,75,True
1158,10,True
1159,100,True
1160,20,True
1161,100,True
1162,20,True
1163,25,True
1164,90,True
1165,5,True
1166,85,True
1167,95,True
1168,10,True
1169,80,True
1170,5,True
1171,95,True
1172,40,True
1173,75,True
1174,0,False
1175,25,True
1176,95,True
1177,0,False
1178,50,True
1179,50,True
1180,0,False
1181,80,True
1182,999,False
1183,999,False
1184,999,False
1185,999,False
1186,999,False
1187,999,False
1188,999,False
1189,999,False
1190,999,False
1191,999,False
1192,999,False
1193,999,False
1194,999,False
1195,999,False
1196,999,False
1197,999,False
1198,999,False
1199,999,False
1200,999,False
1201,999,False
1202,999,False
1203,999,False
1204,999,False
1205,999,False
1206,999,False
1207,999,False
1208,999,False
1209,999,False
1210,999,False
1211,999,False
1212,999,False
1213,999,False
1214,999,False
1215,999,False
1216,999,False
1217,999,False
1218,999,False
1219,999,False
1220,999,False
1221,999,False
1222,999,False
1223,999,False
1224,999,False
1225,999,False
1226,999,False
1227,999,False
1228,999,False
1229,999,False
1230,999,False
1231,999,False
1232,999,False
1233,999,False
1234,0,False
1235,0,False
1236,90,True
1237,50,True
1238,0,False
1239,50,True
1240,10,True
1241,999,False
1242,999,False
1243,999,False
1244,999,False
1245,999,False
1246,999,False
1247,999,False
1248,999,False
1249,999,False
1250,999,False
1251,999,False
1252,999,False
1253,999,False
1254,999,False
1255,999,False
1256,999,False
1257,999,False
1258,999,False
1259,999,False
1260,10,True
1261,999,False
1262,999,False
1263,999,False
1264,999,False
1265,999,False
1266,999,False
1267,999,False
1268,0,False
1269,5,True
1270,10,True
1271,0,False
1272,30,True
1273,0,False
1274,10,True
1275,50,True
1276,0,False
1277,10,True
1278,0,False
1279,20,True
1280,0,False
1281,40,True
1282,0,False
1283,80,True
1284,10,True
1285,0,False
1286,0,False
1287,25,True
1288,0,False
1289,5,True
1290,100,True
1291,10,True
1292,0,False
1293,90,True
1294,30,True
1295,0,False
1296,5,True
1297,0,False
1298,5,True
1299,10,True
1300,20,True
1301,50,True
1302,20,True
1303,35,True
1304,0,False
1305,5,True
1306,90,True
1307,30,True
1308,0,False
1309,10,True
1310,30,True
1311,50,True
1312,5,True
1313,75,True
1314,20,True
1315,5,True
1316,50,True
1317,20,True
1318,40,True
1319,90,True
1320,50,True
1321,5,True
1322,10,True
1323,100,True
1324,0,False
1325,20,True
1326,1,True
1327,20,True
1328,5,True
1329,50,True
1330,100,True
1331,60,True
1332,40,True
1333,0,False
1334,25,True
1335,0,False
1336,20,True
1337,0,False
1338,1,True
1339,0,False
1340,5,True
1341,80,True
1342,5,True
1343,20,True
1344,50,True
1345,0,False
1346,40,True
1347,1,True
1348,25,True
1349,15,True
1350,5,True
1351,50,True
1352,5,True
1353,20,True
1354,30,True
1355,1,True
1356,10,True
1357,20,True
1358,10,True
1359,40,True
1360,50,True
1361,15,True
1362,50,True
1363,5,True
1364,40,True
1365,20,True
1366,5,True
1367,0,False
1368,50,True
1369,5,True
1370,20,True
1371,0,False
1372,5,True
1373,20,True
1374,0,False
1375,15,True
1376,60,True
1377,80,True
1378,5,True
1379,0,False
1380,0,False
1381,1,True
1382,30,True
1383,0,False
1384,5,True
1385,100,True
1386,0,False
1387,10,True
1388,5,True
1389,0,False
1390,1,True
1391,15,True
1392,10,True
1393,1,True
1394,10,True
1395,50,True
1396,1,True
1397,40,True
1398,0,False
1399,50,True
1400,0,False
1401,30,True
1402,5,True
1403,50,True
1404,100,True
1405,0,False
1406,30,True
1407,50,True
1408,100,True
1409,70,True
1410,80,True
1411,5,True
1412,40,True
1413,1,True
1414,30,True
1415,1,True
1416,50,True
1417,0,False
1418,50,True
1419,0,False
1420,25,True
1421,75,True
1422,1,True
1423,10,True
1424,0,False
1425,5,True
1426,0,False
1427,75,True
1428,0,False
1429,5,True
1430,0,False
1431,5,True
1432,0,False
1433,5,True
1434,5,True
1435,50,True
1436,5,True
1437,50,True
1438,0,False
1439,5,True
1440,70,True
1441,0,False
1442,40,True
1443,1,True
1444,50,True
1445,0,False
1446,0,False
1447,50,True
1448,50,True
1449,0,False
1450,10,True
1451,0,False
1452,1,True
1453,70,True
1454,0,False
1455,50,True
1456,90,True
1457,0,False
1458,70,True
1459,0,False
1460,50,True
1461,0,False
1462,0,False
1463,5,True
1464,0,False
1465,30,True
1466,100,True
1467,50,True
1468,20,True
1469,100,True
1470,0,False
1471,100,True
1472,50,True
1473,80,True
1474,100,True
1475,80,True
1476,0,False
1477,80,True
1478,100,True
1479,50,True
1480,40,True
1481,100,True
1482,90,True
1483,100,True
1484,70,True
1485,100,True
1486,0,False
1487,100,True
1488,5,True
1489,95,True
1490,0,False
1491,100,True
1492,0,False
1493,100,True
1494,50,True
1495,0,False
1496,100,True
1497,0,False
1498,0,False
1499,100,True
1500,0,False
1501,40,True
1502,0,False
1503,0,False
1504,90,True
1505,0,False
1506,50,True
1507,100,True
1508,75,True
1509,50,True
1510,100,True
1511,0,False
1512,999,False
1513,100,True
1514,0,False
1515,999,False
1516,999,False
1517,999,False
1518,999,False
1519,999,False
1520,999,False
1521,999,False
1522,999,False
1523,999,False
1524,999,False
1525,999,False
1526,999,False
1527,999,False
1528,999,False
1529,999,False
1530,999,False
1531,999,False
1532,999,False
1533,999,False
1534,999,False
1535,999,False
1536,999,False
1537,999,False
1538,999,False
1539,999,False
1540,999,False
1541,999,False
1542,999,False
1543,999,False
1544,999,False
1545,999,False
1546,999,False
1547,999,False
1548,999,False
1549,0,False
1550,40,True
1551,0,False
1552,5,True
1553,25,True
1554,50,True
1555,0,False
1556,90,True
1557,0,False
1558,75,True
1559,90,True
1560,0,False
1561,75,True
1562,10,True
1563,0,False
1564,999,False
1565,999,False
1566,999,False
1567,999,False
1568,999,False
1569,999,False
1570,999,False
1571,999,False
1572,999,False
1573,999,False
1574,999,False
1575,999,False
1576,999,False
1577,999,False
1578,999,False
1579,999,False
1580,999,False
1581,999,False
1582,999,False
1583,999,False
1584,999,False
1585,999,False
1586,999,False
1587,999,False
1588,999,False
1589,999,False
1590,999,False
1591,999,False
1592,999,False
1593,999,False
1594,999,False
1595,999,False
1596,999,False
1597,999,False
1598,999,False
1599,999,False
1600,999,False
1601,999,False
1602,5,True
1603,999,False
1604,999,False
1605,80,True
1606,60,True
1607,80,True
1608,20,True
1609,75,True
1610,20,True
1611,50,True
1612,50,True
1613,20,True
1614,0,False
1615,10,True
1616,60,True
1617,0,False
1618,100,True
1619,0,False
1620,90,True
1621,50,True
1622,10,True
1623,75,True
1624,0,False
1625,0,False
1626,0,False
1627,999,False
1628,999,False
1629,999,False
1630,0,False
1631,10,True
1632,999,False
1633,999,False
1634,999,False
1635,999,False
1636,50,True
1637,100,True
1638,80,True
1639,100,True
1640,50,True
1641,100,True
1642,80,True
1643,100,True
1644,5,True
1645,50,True
1646,0,False
1647,90,True
1648,50,True
1649,100,True
1650,50,True
1651,100,True
1652,100,True
1653,20,True
1654,100,True
1655,80,True
1656,10,True
1657,60,True
1658,100,True
1659,5,True
1660,100,True
1661,0,False
1662,100,True
1663,100,True
1664,80,True
1665,100,True
1666,0,False
1667,50,True
1668,0,False
1669,10,True
1670,0,False
1671,10,True
1672,0,False
1673,0,False
1674,90,True
1675,0,False
1676,100,True
1677,0,False
1678,75,True
1679,50,True
1680,0,False
1681,50,True
1682,0,False
1683,100,True
1684,0,False
1685,10,True
1686,100,True
1687,0,False
1688,20,True
1689,0,False
1690,50,True
1691,100,True
1692,0,False
1693,90,True
1694,0,False
1695,0,False
1696,100,True
1697,0,False
1698,10,True
1699,0,False
1700,75,True
1701,0,False
1702,0,False
1703,80,True
1704,0,False
1705,75,True
1706,100,True
1707,0,False
1708,20,True
1709,0,False
1710,999,False
1711,999,False
1712,999,False
1713,999,False
1714,999,False
1715,999,False
1716,999,False
1717,999,False
1718,999,False
1719,999,False
1720,999,False
1721,999,False
1722,999,False
1723,999,False
1724,999,False
1725,999,False
1726,999,False
1727,999,False
1728,999,False
1729,999,False
1730,999,False
1731,999,False
1732,999,False
1733,999,False
1734,999,False
1735,999,False
1736,999,False
1737,999,False
1738,999,False
1739,999,False
1740,999,False
1741,999,False
1742,999,False
1743,999,False
1744,999,False
1745,999,False
1746,999,False
1747,999,False
1748,999,False
1749,999,False
1750,999,False
1751,999,False
1752,999,False
1753,20,True
1754,75,True
1755,0,False
1756,80,True
1757,20,True
1758,0,False
1759,10,True
1760,10,True
1761,10,True
1762,75,True
1763,0,False
1764,100,True
1765,10,True
1766,50,True
1767,0,False
1768,0,False
1769,50,True
1770,10,True
1771,100,True
1772,10,True
1773,50,True
1774,30,True
1775,10,True
1776,100,True
1777,80,True
1778,10,True
1779,0,False
1780,10,True
1781,60,True
1782,0,False
1783,10,True
1784,0,False
1785,100,True
1786,0,False
1787,100,True
1788,0,False
1789,90,True
1790,0,False
1791,50,True
1792,10,True
1793,90,True
1794,0,False
1795,5,True
1796,70,True
1797,40,True
1798,0,False
1799,10,True
1800,2,True
1801,0,False
1802,5,True
1803,0,False
1804,100,True
1805,20,True
1806,40,True
1807,100,True
1808,90,True
1809,50,True
1810,75,True
1811,100,True
1812,90,True
1813,90,True
1814,10,True
1815,100,True
1816,0,False
1817,100,True
1818,20,True
1819,100,True
1820,20,True
1821,50,True
1822,100,True
1823,90,True
1824,20,True
1825,50,True
1826,0,False
1827,999,False
1828,999,False
1829,999,False
1830,999,False
1831,999,False
1832,999,False
1833,999,False
1834,999,False
1835,999,False
1836,999,False
1837,999,False
1838,999,False
1839,999,False
1840,999,False
1841,999,False
1842,999,False
1843,999,False
1844,999,False
1845,999,False
1846,999,False
1847,999,False
1848,0,False
1849,999,False
1850,999,False
1851,999,False
1852,999,False
1853,999,False
1854,999,False
1855,999,False
1856,999,False
1857,999,False
1858,999,False
1859,999,False
1860,999,False
1861,999,False
1862,999,False
1863,999,False
1864,999,False
1865,999,False
1866,0,False
1867,999,False
1868,999,False
1869,999,False
1870,999,False
1871,999,False
1872,999,False
1873,999,False
1874,999,False
1875,999,False
1876,999,False
1877,999,False
1878,999,False
1879,999,False
1880,999,False
1881,999,False
1882,999,False
1883,999,False
1884,999,False
1885,999,False
1886,999,False
1887,999,False
1888,999,False
1889,999,False
1890,999,False
1891,999,False
1892,999,False
1893,999,False
1894,999,False
1895,999,False
1896,999,False
1897,999,False
1898,999,False
1899,0,False
1900,0,False
1901,0,False
1902,2,True
1903,0,False
1904,2,True
1905,0,False
1906,2,True
1907,0,False
1908,95,True
1909,0,False
1910,75,True
1911,0,False
1912,55,True
1913,0,False
1914,20,True
1915,0,False
1916,85,True
1917,0,False
1918,100,True
1919,65,True
1920,0,False
1921,100,True
1922,0,False
1923,95,True
1924,0,False
1925,100,True
1926,0,False
1927,90,True
1928,10,True
1929,0,False
1930,25,True
1931,0,False
1932,2,True
1933,0,False
1934,98,True
1935,0,False
1936,100,True
1937,0,False
1938,100,True
1939,95,True
1940,50,True
1941,100,True
1942,65,True
1943,0,False
1944,0,False
1945,100,True
1946,0,False
1947,40,True
1948,0,False
1949,90,True
1950,100,True
1951,0,False
1952,2,True
1953,999,False
1954,999,False
1955,999,False
1956,999,False
1957,999,False
1958,999,False
1959,999,False
1960,999,False
1961,999,False
1962,999,False
1963,999,False
1964,999,False
1965,999,False
1966,999,False
1967,999,False
1968,999,False
1969,999,False
1970,999,False
1971,999,False
1972,999,False
1973,999,False
1974,999,False
1975,999,False
1976,999,False
1977,999,False
1978,999,False
1979,999,False
1980,999,False
1981,999,False
1982,999,False
1983,999,False
1984,0,False
1985,98,True
1986,5,True
1987,0,False
1988,55,True
1989,0,False
1990,80,True
1991,5,True
1992,85,True
1993,0,False
1994,55,True
1995,35,True
1996,10,True
1997,0,False
1998,25,True
1999,100,True
2000,50,True
2001,100,True
2002,10,True
2003,0,False
2004,1,True
2005,8,True
2006,55,True
2007,0,False
2008,15,True
2009,3,True
2010,0,False
2011,5,True
2012,0,False
2013,50,True
2014,1,True
2015,10,True
2016,5,True
2017,1,True
2018,0,False
2019,5,True
2020,25,True
2021,5,True
2022,15,True
2023,25,True
2024,2,True
2025,20,True
2026,0,False
2027,5,True
2028,0,False
2029,5,True
2030,8,True
2031,5,True
2032,0,False
2033,15,True
2034,80,True
2035,65,True
2036,12,True
2037,0,False
2038,10,True
2039,0,False
2040,95,True
2041,5,True
2042,20,True
2043,20,True
2044,10,True
2045,5,True
2046,55,True
2047,0,False
2048,30,True
2049,0,False
2050,45,True
2051,5,True
2052,85,True
2053,0,False
2054,5,True
2055,0,False
2056,20,True
2057,0,False
2058,5,True
2059,0,False
2060,2,True
2061,0,False
2062,85,True
2063,10,True
2064,1,True
2065,0,False
2066,10,True
2067,20,True
2068,60,True
2069,5,True
2070,35,True
2071,0,False
2072,25,True
2073,55,True
2074,1,True
2075,8,True
2076,5,True
2077,55,True
2078,20,True
2079,2,True
2080,20,True
2081,35,True
2082,0,False
2083,10,True
2084,5,True
2085,0,False
2086,1,True
2087,45,True
2088,0,False
2089,2,True
2090,0,False
2091,1,True
2092,0,False
2093,1,True
2094,0,False
2095,5,True
2096,0,False
2097,1,True
2098,0,False
2099,1,True
2100,50,True
2101,0,False
2102,100,True
2103,85,True
2104,100,True
2105,999,False
2106,999,False
2107,999,False
2108,999,False
2109,999,False
2110,999,False
2111,999,False
2112,999,False
2113,999,False
2114,999,False
2115,999,False
2116,999,False
2117,999,False
2118,999,False
2119,999,False
2120,999,False
2121,999,False
2122,999,False
2123,999,False
2124,999,False
2125,999,False
2126,999,False
2127,0,False
2128,5,True
2129,100,True
2130,0,False
2131,30,True
2132,0,False
2133,85,True
2134,70,True
2135,100,True
2136,65,True
2137,30,True
2138,100,True
2139,0,False
2140,45,True
2141,65,True
2142,95,True
2143,100,True
2144,55,True
2145,75,True
2146,85,True
2147,100,True
2148,0,False
2149,55,True
2150,0,False
2151,5,True
2152,10,True
2153,5,True
2154,0,False
2155,10,True
2156,0,False
2157,10,True
2158,2,True
2159,15,True
2160,35,True
2161,15,True
2162,0,False
2163,35,True
2164,55,True
2165,25,True
2166,55,True
2167,95,True
2168,100,True
2169,0,False
2170,55,True
2171,85,True
2172,45,True
2173,95,True
2174,10,True
2175,100,True
2176,35,True
2177,55,True
2178,85,True
2179,98,True
2180,70,True
2181,70,True
2182,95,True
2183,85,True
2184,80,True
2185,2,True
2186,95,True
2187,65,True
2188,95,True
2189,75,True
2190,95,True
2191,60,True
2192,0,False
2193,85,True
2194,100,True
2195,30,True
2196,40,True
2197,100,True
2198,0,False
2199,5,True
2200,30,True
2201,50,True
2202,55,True
2203,30,True
2204,2,True
2205,0,False
2206,5,True
2207,2,True
2208,3,True
2209,1,True
2210,0,False
2211,1,True
2212,0,False
2213,1,True
2214,0,False
2215,1,True
2216,0,False
2217,0,False
2218,2,True
2219,1,True
2220,2,True
2221,0,False
2222,1,True
2223,0,False
2224,1,True
2225,1,True
2226,0,False
2227,1,True
2228,0,False
2229,10,True
2230,0,False
2231,20,True
2232,1,True
2233,0,False
2234,10,True
2235,75,True
2236,0,False
2237,2,True
2238,0,False
2239,1,True
2240,1,True
2241,1,True
2242,0,False
2243,0,False
2244,1,True
2245,0,False
2246,5,True
2247,0,False
2248,5,True
2249,1,True
2250,2,True
2251,1,True
2252,0,False
2253,2,True
2254,1,True
2255,4,True
2256,1,True
2257,3,True
2258,1,True
2259,4,True
2260,2,True
2261,5,True
2262,8,True
2263,5,True
2264,4,True
2265,3,True
2266,2,True
2267,3,True
2268,1,True
2269,0,False
2270,1,True
2271,1,True
2272,2,True
2273,4,True
2274,1,True
2275,5,True
2276,15,True
2277,2,True
2278,0,False
2279,1,True
2280,1,True
2281,0,False
2282,1,True
2283,0,False
2284,1,True
2285,0,False
2286,1,True
2287,0,False
2288,4,True
2289,0,False
2290,1,True
2291,0,False
2292,2,True
2293,1,True
2294,5,True
2295,0,False
2296,2,True
2297,0,False
2298,5,True
2299,45,True
2300,5,True
2301,1,True
2302,0,False
2303,0,False
2304,2,True
2305,0,False
2306,5,True
2307,3,True
2308,1,True
2309,3,True
2310,45,True
2311,5,True
2312,5,True
2313,1,True
2314,6,True
2315,0,False
2316,999,False
2317,999,False
2318,999,False
2319,999,False
2320,999,False
2321,999,False
2322,999,False
2323,999,False
2324,999,False
2325,999,False
2326,999,False
2327,999,False
2328,999,False
2329,999,False
2330,999,False
2331,999,False
2332,999,False
2333,999,False
2334,999,False
2335,999,False
2336,999,False
2337,999,False
2338,999,False
2339,999,False
2340,999,False
2341,1,True
2342,0,False
2343,3,True
2344,0,False
2345,1,True
2346,999,False
2347,999,False
2348,999,False
2349,999,False
2350,999,False
2351,999,False
2352,999,False
2353,999,False
2354,999,False
2355,999,False
2356,999,False
2357,999,False
2358,999,False
2359,999,False
2360,999,False
2361,999,False
2362,999,False
2363,999,False
2364,999,False
2365,999,False
2366,999,False
2367,999,False
2368,999,False
2369,999,False
2370,999,False
2371,999,False
2372,999,False
2373,999,False
2374,999,False
2375,999,False
2376,999,False
2377,999,False
2378,999,False
2379,999,False
2380,999,False
2381,999,False
2382,999,False
2383,999,False
2384,999,False
2385,999,False
2386,999,False
2387,999,False
2388,999,False
2389,999,False
2390,999,False
2391,999,False
2392,999,False
2393,999,False
2394,999,False
2395,5,True
2396,4,True
2397,0,False
2398,2,True
2399,0,False
2400,3,True
2401,3,True
2402,0,False
2403,1,True
2404,10,True
2405,1,True
2406,5,True
2407,6,True
2408,35,True
2409,85,True
2410,90,True
2411,0,False
2412,35,True
2413,20,True
2414,85,True
2415,65,True
2416,15,True
2417,80,True
2418,90,True
2419,80,True
2420,5,True
2421,15,True
2422,0,False
2423,30,True
2424,40,True
2425,75,True
2426,65,True
2427,45,True
2428,25,True
2429,65,True
2430,100,True
2431,75,True
2432,65,True
2433,85,True
2434,65,True
2435,10,True
2436,50,True
2437,80,True
2438,10,True
2439,1,True
2440,1,True
2441,5,True
2442,1,True
2443,2,True
2444,0,False
2445,2,True
2446,0,False
2447,1,True
2448,0,False
2449,1,True
2450,1,True
2451,5,True
2452,0,False
2453,1,True
2454,0,False
2455,0,False
2456,1,True
2457,0,False
2458,1,True
2459,1,True
2460,0,False
2461,2,True
2462,1,True
2463,0,False
2464,1,True
2465,1,True
2466,0,False
2467,1,True
2468,5,True
2469,90,True
2470,5,True
2471,0,False
2472,2,True
2473,0,False
2474,10,True
2475,10,True
2476,10,True
2477,10,True
2478,10,True
2479,10,True
2480,5,True
2481,0,False
2482,10,True
2483,20,True
2484,80,True
2485,5,True
2486,0,False
2487,1,True
2488,0,False
2489,0,False
2490,10,True
2491,0,False
2492,10,True
2493,2,True
2494,0,False
2495,1,True
2496,5,True
2497,20,True
2498,0,False
2499,1,True
2500,5,True
2501,1,True
2502,5,True
2503,1,True
2504,0,False
2505,5,True
2506,0,False
2507,1,True
2508,0,False
2509,5,True
2510,0,False
2511,10,True
2512,55,True
2513,65,True
2514,20,True
2515,65,True
2516,90,True
2517,75,True
2518,25,True
2519,10,True
2520,2,True
2521,5,True
2522,95,True
2523,80,True
2524,100,True
2525,25,True
2526,55,True
2527,85,True
2528,100,True
2529,65,True
2530,100,True
2531,35,True
2532,100,True
2533,65,True
2534,15,True
2535,35,True
2536,25,True
2537,10,True
2538,25,True
2539,85,True
2540,2,True
2541,35,True
2542,15,True
2543,85,True
2544,5,True
2545,10,True
2546,25,True
2547,100,True
2548,55,True
2549,0,False
2550,5,True
2551,30,True
2552,100,True
2553,0,False
2554,5,True
2555,50,True
2556,5,True
2557,95,True
2558,1,True
2559,5,True
2560,15,True
2561,65,True
2562,0,False
2563,85,True
2564,1,True
2565,10,True
2566,5,True
2567,30,True
2568,100,True
2569,100,True
2570,0,False
2571,100,True
2572,45,True
2573,50,True
2574,100,True
2575,20,True
2576,999,False
2577,999,False
2578,999,False
2579,999,False
2580,999,False
2581,999,False
2582,999,False
2583,999,False
2584,999,False
2585,999,False
2586,999,False
2587,999,False
2588,999,False
2589,999,False
2590,999,False
2591,999,False
2592,999,False
2593,999,False
2594,999,False
2595,999,False
2596,999,False
2597,999,False
2598,999,False
2599,999,False
2600,999,False
2601,5,True
2602,60,True
2603,5,True
2604,2,True
2605,60,True
2606,100,True
2607,60,True
2608,100,True
2609,50,True
2610,80,True
2611,100,True
2612,80,True
2613,100,True
2614,80,True
2615,60,True
2616,80,True
2617,100,True
2618,30,True
2619,80,True
2620,100,True
2621,0,False
2622,20,True
2623,100,True
2624,10,True
2625,80,True
2626,0,False
2627,75,True
2628,40,True
2629,25,True
2630,2,True
2631,2,True
2632,0,False
2633,5,True
2634,2,True
2635,5,True
2636,20,True
2637,2,True
2638,0,False
2639,10,True
2640,2,True
2641,5,True
2642,2,True
2643,15,True
2644,2,True
2645,0,False
2646,1,True
2647,0,False
2648,10,True
2649,2,True
2650,0,False
2651,2,True
2652,0,False
2653,5,True
2654,2,True
2655,0,False
2656,2,True
2657,5,True
2658,0,False
2659,1,True
2660,10,True
2661,0,False
2662,1,True
2663,2,True
2664,5,True
2665,2,True
2666,0,False
2667,2,True
2668,0,False
2669,1,True
2670,0,False
2671,10,True
2672,5,True
2673,2,True
2674,0,False
2675,1,True
2676,0,False
2677,2,True
2678,0,False
2679,1,True
2680,0,False
2681,5,True
2682,0,False
2683,20,True
2684,0,False
2685,50,True
2686,0,False
2687,45,True
2688,0,False
2689,0,False
2690,2,True
2691,0,False
2692,10,True
2693,2,True
2694,0,False
2695,2,True
2696,0,False
2697,2,True
2698,20,True
2699,50,True
2700,2,True
2701,50,True
2702,5,True
2703,0,False
2704,10,True
2705,2,True
2706,0,False
2707,1,True
2708,5,True
2709,0,False
2710,20,True
2711,0,False
2712,10,True
2713,20,True
2714,0,False
2715,5,True
2716,0,False
2717,1,True
2718,10,True
2719,45,True
2720,90,True
2721,20,True
2722,5,True
2723,65,True
2724,15,True
2725,5,True
2726,60,True
2727,30,True
2728,20,True
2729,55,True
2730,5,True
2731,2,True
2732,70,True
2733,25,True
2734,10,True
2735,5,True
2736,2,True
2737,1,True
2738,0,False
2739,3,True
2740,35,True
2741,40,True
2742,10,True
2743,0,False
2744,2,True
2745,0,False
2746,2,True
2747,5,True
2748,15,True
2749,2,True
2750,0,False
2751,2,True
2752,0,False
2753,8,True
2754,2,True
2755,2,True
2756,0,False
2757,2,True
2758,5,True
2759,2,True
2760,0,False
2761,2,True
2762,0,False
2763,2,True
2764,0,False
2765,2,True
2766,0,False
2767,5,True
2768,0,False
2769,2,True
2770,20,True
2771,5,True
2772,0,False
2773,55,True
2774,10,True
2775,30,True
2776,10,True
2777,5,True
2778,1,True
2779,5,True
2780,1,True
2781,30,True
2782,6,True
2783,25,True
2784,1,True
2785,5,True
2786,20,True
2787,10,True
2788,5,True
2789,0,False
2790,2,True
2791,0,False
2792,0,False
2793,2,True
2794,0,False
2795,0,False
2796,2,True
2797,1,True
2798,1,True
2799,1,True
2800,1,True
2801,1,True
2802,0,False
2803,1,True
2804,0,False
2805,1,True
2806,0,False
2807,2,True
2808,0,False
2809,1,True
2810,1,True
2811,1,True
2812,0,False
2813,999,False
2814,999,False
2815,999,False
2816,999,False
2817,999,False
2818,999,False
2819,999,False
2820,999,False
2821,999,False
2822,999,False
2823,999,False
2824,999,False
2825,999,False
2826,999,False
2827,999,False
2828,999,False
2829,0,False
2830,1,True
2831,1,True
2832,0,False
2833,1,True
2834,0,False
2835,1,True
2836,1,True
2837,0,False
2838,1,True
2839,0,False
2840,1,True
2841,1,True
2842,0,False
2843,1,True
2844,1,True
2845,0,False
2846,1,True
2847,0,False
2848,1,True
2849,0,False
2850,0,False
2851,1,True
2852,1,True
2853,0,False
2854,1,True
2855,0,False
2856,1,True
2857,0,False
2858,1,True
2859,0,False
2860,1,True
2861,0,False
2862,1,True
2863,0,False
2864,1,True
2865,1,True
2866,0,False
2867,1,True
2868,20,True
2869,50,True
2870,50,True
2871,10,True
2872,20,True
2873,0,False
2874,5,True
2875,45,True
2876,20,True
2877,5,True
2878,2,True
2879,10,True
2880,2,True
2881,5,True
2882,10,True
2883,40,True
2884,90,True
2885,10,True
2886,2,True
2887,0,False
2888,1,True
2889,2,True
2890,0,False
2891,1,True
2892,0,False
2893,5,True
2894,0,False
2895,2,True
2896,10,True
2897,0,False
2898,20,True
2899,1,True
2900,0,False
2901,1,True
2902,0,False
2903,10,True
2904,5,True
2905,0,False
2906,1,True
2907,3,True
2908,10,True
2909,25,True
2910,80,True
2911,10,True
2912,30,True
2913,5,True
2914,10,True
2915,0,False
2916,1,True
2917,999,False
2918,999,False
2919,999,False
2920,999,False
2921,999,False
2922,0,False
2923,2,True
2924,30,True
2925,50,True
2926,60,True
2927,70,True
2928,10,True
2929,0,False
2930,35,True
2931,0,False
2932,5,True
2933,0,False
2934,5,True
2935,2,True
2936,0,False
2937,40,True
2938,0,False
2939,40,True
2940,0,False
2941,5,True
2942,0,False
2943,1,True
2944,0,False
2945,5,True
2946,1,True
2947,10,True
2948,0,False
2949,1,True
2950,95,True
2951,30,True
2952,5,True
2953,15,True
2954,1,True
2955,30,True
2956,50,True
2957,80,True
2958,90,True
2959,10,True
2960,90,True
2961,1,True
2962,10,True
2963,0,False
2964,20,True
2965,0,False
2966,40,True
2967,5,True
2968,50,True
2969,90,True
2970,5,True
2971,1,True
2972,10,True
2973,5,True
2974,1,True
2975,0,False
2976,1,True
2977,0,False
2978,1,True
2979,1,True
2980,0,False
2981,1,True
2982,10,True
2983,5,True
2984,0,False
2985,15,True
2986,0,False
2987,30,True
2988,10,True
2989,50,True
2990,70,True
2991,90,True
2992,10,True
2993,90,True
2994,50,True
2995,90,True
2996,10,True
2997,40,True
2998,80,True
2999,90,True
3000,30,True
3001,0,False
3002,1,True
3003,40,True
3004,10,True
3005,0,False
3006,999,False
3007,999,False
3008,999,False
3009,999,False
3010,999,False
3011,999,False
3012,999,False
3013,999,False
3014,999,False
3015,999,False
3016,999,False
3017,999,False
3018,999,False
3019,999,False
3020,999,False
3021,999,False
3022,999,False
3023,999,False
3024,999,False
3025,999,False
3026,999,False
3027,999,False
3028,999,False
3029,999,False
3030,999,False
3031,999,False
3032,999,False
3033,999,False
3034,999,False
3035,999,False
3036,999,False
3037,999,False
3038,999,False
3039,999,False
3040,999,False
3041,999,False
3042,999,False
3043,999,False
3044,999,False
3045,10,True
3046,10,True
3047,10,True
3048,10,True
3049,10,True
3050,10,True
3051,10,True
3052,0,False
3053,10,True
3054,40,True
3055,5,True
3056,0,False
3057,0,False
3058,1,True
3059,1,True
3060,10,True
3061,5,True
3062,0,False
3063,5,True
3064,10,True
3065,5,True
3066,0,False
3067,10,True
3068,5,True
3069,10,True
3070,5,True
3071,10,True
3072,0,False
3073,5,True
3074,10,True
3075,0,False
3076,10,True
3077,25,True
3078,0,False
3079,10,True
3080,0,False
3081,1,True
3082,0,False
3083,0,False
3084,5,True
3085,0,False
3086,1,True
3087,1,True
3088,0,False
3089,30,True
3090,0,False
3091,0,False
3092,5,True
3093,0,False
3094,10,True
3095,0,False
3096,5,True
3097,0,False
3098,1,True
3099,0,False
3100,1,True
3101,10,True
3102,1,True
3103,5,True
3104,10,True
3105,80,True
3106,50,True
3107,10,True
3108,20,True
3109,0,False
3110,20,True
3111,10,True
3112,50,True
3113,10,True
3114,15,True
3115,0,False
3116,10,True
3117,20,True
3118,0,False
3119,10,True
3120,0,False
3121,10,True
3122,30,True
3123,15,True
3124,0,False
3125,1,True
3126,10,True
3127,0,False
3128,10,True
3129,25,True
3130,10,True
3131,40,True
3132,50,True
3133,75,True
3134,30,True
3135,60,True
3136,80,True
3137,80,True
3138,100,True
3139,80,True
3140,90,True
3141,100,True
3142,100,True
3143,50,True
3144,90,True
3145,0,False
3146,5,True
3147,25,True
3148,90,True
3149,100,True
3150,75,True
3151,0,False
3152,90,True
3153,30,True
3154,50,True
3155,75,True
3156,90,True
3157,100,True
3158,90,True
3159,100,True
3160,90,True
3161,100,True
3162,80,True
3163,90,True
3164,80,True
3165,95,True
3166,0,False
3167,75,True
3168,100,True
3169,25,True
3170,15,True
3171,10,True
3172,0,False
3173,10,True
3174,20,True
3175,30,True
3176,10,True
3177,5,True
3178,10,True
3179,5,True
3180,1,True
3181,10,True
3182,0,False
3183,0,False
3184,5,True
3185,10,True
3186,20,True
3187,0,False
3188,1,True
3189,0,False
3190,5,True
3191,1,True
3192,0,False
3193,0,False
3194,1,True
3195,0,False
3196,1,True
3197,5,True
3198,0,False
3199,5,True
3200,0,False
3201,1,True
3202,5,True
3203,1,True
3204,0,False
3205,2,True
3206,0,False
3207,20,True
3208,5,True
3209,5,True
3210,5,True
3211,0,False
3212,20,True
3213,5,True
3214,0,False
3215,2,True
3216,5,True
3217,0,False
3218,20,True
3219,10,True
3220,50,True
3221,10,True
3222,20,True
3223,30,True
3224,0,False
3225,20,True
3226,30,True
3227,40,True
3228,20,True
3229,40,True
3230,50,True
3231,10,True
3232,75,True
3233,50,True
3234,80,True
3235,95,True
3236,60,True
3237,20,True
3238,50,True
3239,5,True
3240,50,True
3241,60,True
3242,25,True
3243,50,True
3244,50,True
3245,20,True
3246,30,True
3247,75,True
3248,5,True
3249,5,True
3250,20,True
3251,5,True
3252,15,True
3253,50,True
3254,5,True
3255,10,True
3256,2,True
3257,5,True
3258,50,True
3259,5,True
3260,20,True
3261,0,False
3262,50,True
3263,30,True
3264,10,True
3265,1,True
3266,5,True
3267,10,True
3268,0,False
3269,5,True
3270,15,True
3271,1,True
3272,5,True
3273,50,True
3274,5,True
3275,0,False
3276,1,True
3277,5,True
3278,25,True
3279,5,True
3280,25,True
3281,10,True
3282,15,True
3283,20,True
3284,10,True
3285,10,True
3286,5,True
3287,0,False
3288,15,True
3289,15,True
3290,1,True
3291,1,True
3292,0,False
3293,0,False
3294,0,False
3295,10,True
3296,20,True
3297,0,False
3298,15,True
3299,1,True
3300,10,True
3301,0,False
3302,0,False
3303,0,False
3304,5,True
3305,0,False
3306,1,True
3307,0,False
3308,1,True
3309,0,False
3310,0,False
3311,1,True
3312,1,True
3313,0,False
3314,0,False
3315,1,True
3316,0,False
3317,1,True
3318,0,False
3319,1,True
3320,0,False
3321,1,True
3322,1,True
3323,0,False
3324,1,True
3325,0,False
3326,1,True
3327,1,True
3328,1,True
3329,0,False
3330,0,False
3331,0,False
3332,0,False
3333,0,False
3334,1,True
3335,0,False
3336,1,True
3337,1,True
3338,1,True
3339,0,False
3340,0,False
3341,0,False
3342,0,False
3343,1,True
3344,1,True
3345,0,False
3346,1,True
3347,0,False
3348,1,True
3349,0,False
3350,0,False
3351,1,True
3352,0,False
3353,1,True
3354,0,False
3355,0,False
3356,0,False
3357,0,False
3358,0,False
3359,0,False
3360,999,False
3361,999,False
3362,999,False
3363,999,False
3364,999,False
3365,999,False
3366,999,False
3367,999,False
3368,999,False
3369,999,False
3370,999,False
3371,999,False
3372,999,False
3373,999,False
3374,999,False
3375,999,False
3376,999,False
3377,999,False
3378,999,False
3379,999,False
3380,999,False
3381,999,False
3382,999,False
3383,999,False
3384,999,False
3385,999,False
3386,999,False
3387,999,False
3388,999,False
3389,999,False
3390,999,False
3391,999,False
3392,999,False
3393,999,False
3394,999,False
3395,999,False
3396,999,False
3397,999,False
3398,999,False
3399,999,False
3400,999,False
3401,999,False
3402,999,False
3403,999,False
3404,999,False
3405,999,False
3406,999,False
3407,999,False
3408,0,False
3409,0,False
3410,1,True
3411,0,False
3412,1,True
3413,0,False
3414,0,False
3415,999,False
3416,999,False
3417,999,False
3418,999,False
3419,999,False
3420,999,False
3421,999,False
3422,999,False
3423,999,False
